Workbook

Sheet Raw_Data
A1: UDI | B1: Product ID | C1: Type | D1: Air temperature [K] | E1: Process temperature [K] | F1: Rotational speed [rpm] | G1: Torque [Nm] | H1: Tool wear [min] | I1: Machine failure | J1: TWF | K1: HDF | L1: PWF | M1: OSF | N1: RNF
A2: 1 | B2: M14860 | C2: M | D2: 298.1 | E2: 308.6 | F2: 1551 | G2: 42.8 | H2: 0 | I2: 0 | J2: 0 | K2: 0 | L2: 0 | M2: 0 | N2: 0
A3: 2 | B3: L47181 | C3: L | D3: 298.2 | E3: 308.7 | F3: 1408 | G3: 46.3 | H3: 3 | I3: 0 | J3: 0 | K3: 0 | L3: 0 | M3: 0 | N3: 0
A4: 3 | B4: L47182 | C4: L | D4: 298.1 | E4: 308.5 | F4: 1498 | G4: 49.4 | H4: 5 | I4: 0 | J4: 0 | K4: 0 | L4: 0 | M4: 0 | N4: 0
A5: 4 | B5: L47183 | C5: L | D5: 298.2 | E5: 308.6 | F5: 1433 | G5: 39.5 | H5: 7 | I5: 0 | J5: 0 | K5: 0 | L5: 0 | M5: 0 | N5: 0
A6: 5 | B6: L47184 | C6: L | D6: 298.2 | E6: 308.7 | F6: 1408 | G6: 40 | H6: 9 | I6: 0 | J6: 0 | K6: 0 | L6: 0 | M6: 0 | N6: 0
A7: 6 | B7: M14865 | C7: M | D7: 298.1 | E7: 308.6 | F7: 1425 | G7: 41.9 | H7: 11 | I7: 0 | J7: 0 | K7: 0 | L7: 0 | M7: 0 | N7: 0
A8: 7 | B8: L47186 | C8: L | D8: 298.1 | E8: 308.6 | F8: 1558 | G8: 42.4 | H8: 14 | I8: 0 | J8: 0 | K8: 0 | L8: 0 | M8: 0 | N8: 0
A9: 8 | B9: L47187 | C9: L | D9: 298.1 | E9: 308.6 | F9: 1527 | G9: 40.2 | H9: 16 | I9: 0 | J9: 0 | K9: 0 | L9: 0 | M9: 0 | N9: 0
A10: 9 | B10: M14868 | C10: M | D10: 298.3 | E10: 308.7 | F10: 1667 | G10: 28.6 | H10: 18 | I10: 0 | J10: 0 | K10: 0 | L10: 0 | M10: 0 | N10: 0
A11: 10 | B11: M14869 | C11: M | D11: 298.5 | E11: 309 | F11: 1741 | G11: 28 | H11: 21 | I11: 0 | J11: 0 | K11: 0 | L11: 0 | M11: 0 | N11: 0
A12: 11 | B12: H29424 | C12: H | D12: 298.4 | E12: 308.9 | F12: 1782 | G12: 23.9 | H12: 24 | I12: 0 | J12: 0 | K12: 0 | L12: 0 | M12: 0 | N12: 0
A13: 12 | B13: H29425 | C13: H | D13: 298.6 | E13: 309.1 | F13: 1423 | G13: 44.3 | H13: 29 | I13: 0 | J13: 0 | K13: 0 | L13: 0 | M13: 0 | N13: 0
... A10001: 10000 | B10001: M24859 | C10001: M | D10001: 299 | E10001: 308.7 | F10001: 1500 | G10001: 40.2 | H10001: 30 | I10001: 0 | J10001: 0 | K10001: 0 | L10001: 0 | M10001: 0 | N10001: 0

Sheet Initial_Analysis
A1: INITIAL DATA ANALYSIS
A3: Dataset Overview
A4: Total Machines | B4: =COUNTA(Raw_Data!A2:A10001) -> 10000
A5: Total Failures | B5: =SUM(Raw_Data!I2:I10001) -> 339
A6: Overall Failure Rate | B6: =B5/B4 -> 0.0339
A9: Failure by Product Type
A10: Type | B10: Total Machines | C10: Failures | D10: Failure Rate
A11: L | B11: =COUNTIF(Raw_Data!C2:C10001,A11) -> 6000 | C11: =COUNTIFS(Raw_Data!C2:C10001,A11,Raw_Data!I2:I10001,1) -> 235 | D11: =C11/B11 -> 0.039166667
A12: M | B12: =COUNTIF(Raw_Data!C2:C10001,A12) -> 2997 | C12: =COUNTIFS(Raw_Data!C2:C10001,A12,Raw_Data!I2:I10001,1) -> 83 | D12: =C12/B12 -> 0.027694361
A13: H | B13: =COUNTIF(Raw_Data!C2:C10001,A13) -> 1003 | C13: =COUNTIFS(Raw_Data!C2:C10001,A13,Raw_Data!I2:I10001,1) -> 21 | D13: =C13/B13 -> 0.020937188
A17: Operating Conditions
A18: Variable | B18: Average | C18: Minimum | D18: Maximum
A19: Air Temperature | B19: =AVERAGE(Raw_Data!D2:D10001) -> 300.00493 | C19: =MIN(Raw_Data!D2:D10001) -> 295.3 | D19: =MAX(Raw_Data!D2:D10001) -> 304.5
A20: Process Temperature | B20: =AVERAGE(Raw_Data!E2:E10001) -> 310.00556 | C20: =MIN(Raw_Data!E2:E10001) -> 305.7 | D20: =MAX(Raw_Data!E2:E10001) -> 313.8
A21: Rotational Speed | B21: =AVERAGE(Raw_Data!F2:F10001) -> 1538.7761 | C21: =MIN(Raw_Data!F2:F10001) -> 1168 | D21: =MAX(Raw_Data!F2:F10001) -> 2886
A22: Torque | B22: =AVERAGE(Raw_Data!G2:G10001) -> 39.98691 | C22: =MIN(Raw_Data!G2:G10001) -> 3.8 | D22: =MAX(Raw_Data!G2:G10001) -> 76.6
A23: Tool Wear | B23: =AVERAGE(Raw_Data!H2:H10001) -> 107.951 | C23: =MIN(Raw_Data!H2:H10001) -> 0 | D23: =MAX(Raw_Data!H2:H10001) -> 253

Sheet Failure_Analysis
A1: FAILURE MODE ANALYSIS
A3: Failure Mode Overview
A4: Failure Mode | B4: Occurences | C4: Percentage of All Records
A5: TWF | B5: =SUM(Raw_Data!J2:J10001) -> 46 | C5: =B5/COUNTA(Raw_Data!A2:A10001) -> 0.0046
A6: HDF | B6: =SUM(Raw_Data!K2:K10001) -> 115 | C6: =B6/COUNTA(Raw_Data!A2:A10001) -> 0.0115
A7: PWF | B7: =SUM(Raw_Data!L2:L10001) -> 95 | C7: =B7/COUNTA(Raw_Data!A2:A10001) -> 0.0095
A8: OSF | B8: =SUM(Raw_Data!M2:M10001) -> 98 | C8: =B8/COUNTA(Raw_Data!A2:A10001) -> 0.0098
A9: RNF | B9: =SUM(Raw_Data!N2:N10001) -> 19 | C9: =B9/COUNTA(Raw_Data!A2:A10001) -> 0.0019
A12: Failure Mode vs Machine Failure
A13: Metric | B13: Value
A14: Total Machine Failures | B14: =Initial_Analysis!B5 -> 339
A15: Total Failure-Mode Occurences | B15: =SUM(B5:B9) -> 373
A16: Difference | B16: =B15-B14 -> 34

Sheet Operating_Analysis
A1: OPERATING CONDITIONS ANALYSIS
A3: Operating Conditions: Failed vs Non-Failed Machines
A5: Variable | B5: Non-Failed Average | C5: Failed Average | D5: Difference
A6: Air Temperature (K) | B6: =AVERAGEIFS(Raw_Data!D2:D10001,Raw_Data!I2:I10001,0) -> 299.974 | C6: =AVERAGEIFS(Raw_Data!D2:D10001,Raw_Data!I2:I10001,1) -> 300.88643 | D6: =C6-B6 -> 0.91243213
A7: Process Temperature (K) | B7: =AVERAGEIFS(Raw_Data!E2:E10001,Raw_Data!I2:I10001,0) -> 309.99557 | C7: =AVERAGEIFS(Raw_Data!E2:E10001,Raw_Data!I2:I10001,1) -> 310.29027 | D7: =C7-B7 -> 0.29469567
A8: Rotational Speed (RPM) | B8: =AVERAGEIFS(Raw_Data!F2:F10001,Raw_Data!I2:I10001,0) -> 1540.26 | C8: =AVERAGEIFS(Raw_Data!F2:F10001,Raw_Data!I2:I10001,1) -> 1496.4867 | D8: =C8-B8 -> -43.773289
A9: Torque (Nm) | B9: =AVERAGEIFS(Raw_Data!G2:G10001,Raw_Data!I2:I10001,0) -> 39.629655 | C9: =AVERAGEIFS(Raw_Data!G2:G10001,Raw_Data!I2:I10001,1) -> 50.168142 | D9: =C9-B9 -> 10.538486
A10: Tool Wear (min) | B10: =AVERAGEIFS(Raw_Data!H2:H10001,Raw_Data!I2:I10001,0) -> 106.69372 | C10: =AVERAGEIFS(Raw_Data!H2:H10001,Raw_Data!I2:I10001,1) -> 143.78171 | D10: =C10-B10 -> 37.087994
A13: Torque Failure Analysis
A15: Torque Range | B15: Total Machines | C15: Failures | D15: Failure Rate
A16: < 20 | B16: =COUNTIF(Raw_Data!G2:G10001,"<20") -> 228 | C16: =COUNTIFS(Raw_Data!G2:G10001,"<20",Raw_Data!I2:I10001,1) -> 34 | D16: =C16/B16 -> 0.14912281
A17: 20-30 | B17: =COUNTIFS(Raw_Data!G2:G10001,">=20",Raw_Data!G2:G10001,"<30") -> 1348 | C17: =COUNTIFS(Raw_Data!G2:G10001,">=20",Raw_Data!G2:G10001,"<30",Raw_Data!I2:I10001,1) -> 9 | D17: =C17/B17 -> 0.0066765579
A18: 30-40 | B18: =COUNTIFS(Raw_Data!G2:G10001,">=30",Raw_Data!G2:G10001,"<40") -> 3364 | C18: =COUNTIFS(Raw_Data!G2:G10001,">=30",Raw_Data!G2:G10001,"<40",Raw_Data!I2:I10001,1) -> 19 | D18: =C18/B18 -> 0.005648038
A19: 40-50 | B19: =COUNTIFS(Raw_Data!G2:G10001,">=40",Raw_Data!G2:G10001,"<50") -> 3487 | C19: =COUNTIFS(Raw_Data!G2:G10001,">=40",Raw_Data!G2:G10001,"<50",Raw_Data!I2:I10001,1) -> 66 | D19: =C19/B19 -> 0.018927445
A20: 50-60 | B20: =COUNTIFS(Raw_Data!G2:G10001,">=50",Raw_Data!G2:G10001,"<60") -> 1334 | C20: =COUNTIFS(Raw_Data!G2:G10001,">=50",Raw_Data!G2:G10001,"<60",Raw_Data!I2:I10001,1) -> 111 | D20: =C20/B20 -> 0.083208396
A21: ≥ 60 | B21: =COUNTIF(Raw_Data!G2:G10001,">=60") -> 239 | C21: =COUNTIFS(Raw_Data!G2:G10001,">=60",Raw_Data!I2:I10001,1) -> 100 | D21: =C21/B21 -> 0.41841004
A24: Tool Wear Failure Analysis
A26: Tool Wear Range | B26: Total Machines | C26: Failures | D26: Failure Rate
A27: 0-50 | B27: =COUNTIFS(Raw_Data!H2:H10001,">=0",Raw_Data!H2:H10001,"<50") -> 2349 | C27: =COUNTIFS(Raw_Data!H2:H10001,">=0",Raw_Data!H2:H10001,"<50",Raw_Data!I2:I10001,1) -> 52 | D27: =C27/B27 -> 0.02213708
A28: 50-100 | B28: =COUNTIFS(Raw_Data!H2:H10001,">=50",Raw_Data!H2:H10001,"<100") -> 2271 | C28: =COUNTIFS(Raw_Data!H2:H10001,">=50",Raw_Data!H2:H10001,"<100",Raw_Data!I2:I10001,1) -> 51 | D28: =C28/B28 -> 0.022457067
A29: 100-150 | B29: =COUNTIFS(Raw_Data!H2:H10001,">=100",Raw_Data!H2:H10001,"<150") -> 2290 | C29: =COUNTIFS(Raw_Data!H2:H10001,">=100",Raw_Data!H2:H10001,"<150",Raw_Data!I2:I10001,1) -> 52 | D29: =C29/B29 -> 0.022707424
A30: 150-200 | B30: =COUNTIFS(Raw_Data!H2:H10001,">=150",Raw_Data!H2:H10001,"<200") -> 2289 | C30: =COUNTIFS(Raw_Data!H2:H10001,">=150",Raw_Data!H2:H10001,"<200",Raw_Data!I2:I10001,1) -> 61 | D30: =C30/B30 -> 0.026649192
A31: 200-250 | B31: =COUNTIFS(Raw_Data!H2:H10001,">=200",Raw_Data!H2:H10001,"<250") -> 799 | C31: =COUNTIFS(Raw_Data!H2:H10001,">=200",Raw_Data!H2:H10001,"<250",Raw_Data!I2:I10001,1) -> 121 | D31: =C31/B31 -> 0.1514393
A32: ≥ 250 | B32: =COUNTIF(Raw_Data!H2:H10001,">=250") -> 2 | C32: =COUNTIFS(Raw_Data!H2:H10001,">=250",Raw_Data!I2:I10001,1) -> 2 | D32: =C32/B32 -> 1
A35: Rotational Speed Failure Analysis
A37: RPM Range | B37: Total Machines | C37: Failures | D37: Failure Rate
A38: < 1300 | B38: =COUNTIF(Raw_Data!F2:F10001,"<1300") -> 211 | C38: =COUNTIFS(Raw_Data!F2:F10001,"<1300",Raw_Data!I2:I10001,1) -> 49 | D38: =C38/B38 -> 0.23222749
A39: 1300-1500 | B39: =COUNTIFS(Raw_Data!F2:F10001,">=1300",Raw_Data!F2:F10001,"<1500") -> 4688 | C39: =COUNTIFS(Raw_Data!F2:F10001,">=1300",Raw_Data!F2:F10001,"<1500",Raw_Data!I2:I10001,1) -> 229 | D39: =C39/B39 -> 0.048848123
A40: 1500-1700 | B40: =COUNTIFS(Raw_Data!F2:F10001,">=1500",Raw_Data!F2:F10001,"<1700") -> 3754 | C40: =COUNTIFS(Raw_Data!F2:F10001,">=1500",Raw_Data!F2:F10001,"<1700",Raw_Data!I2:I10001,1) -> 21 | D40: =C40/B40 -> 0.005594033
A41: 1700-1900 | B41: =COUNTIFS(Raw_Data!F2:F10001,">=1700",Raw_Data!F2:F10001,"<1900") -> 936 | C41: =COUNTIFS(Raw_Data!F2:F10001,">=1700",Raw_Data!F2:F10001,"<1900",Raw_Data!I2:I10001,1) -> 5 | D41: =C41/B41 -> 0.0053418803
A42: 1900-2200 | B42: =COUNTIFS(Raw_Data!F2:F10001,">=1900",Raw_Data!F2:F10001,"<2200") -> 315 | C42: =COUNTIFS(Raw_Data!F2:F10001,">=1900",Raw_Data!F2:F10001,"<2200",Raw_Data!I2:I10001,1) -> 4 | D42: =C42/B42 -> 0.012698413
A43: ≥ 2200 | B43: =COUNTIF(Raw_Data!F2:F10001,">=2200") -> 96 | C43: =COUNTIFS(Raw_Data!F2:F10001,">=2200",Raw_Data!I2:I10001,1) -> 31 | D43: =C43/B43 -> 0.32291667
